id,username,email,password,created_at
1,bigsnake550,kimberly.hansen@example.com,chrome,2025-02-09 14:21:08
2,happycat973,fabio.fabre@example.com,doughboy,2025-02-09 14:21:08
3,yellowbird301,rhonda.carr@example.com,reader,2025-02-09 14:21:08
4,purpletiger552,basile.pierre@example.com,insomnia,2025-02-09 14:21:08
5,yellowcat147,rosa.diez@example.com,naruto,2025-02-09 14:21:08
6,sadpeacock639,johnny.rose@example.com,bulldogs,2025-02-09 14:21:08
7,orangewolf161,agathe.penner@example.com,sidekick,2025-02-09 14:21:08
8,blackostrich739,elizabeth.garza@example.com,there,2025-02-09 14:21:08
9,heavylion854,brandy.elliott@example.com,papers,2025-02-09 14:21:08
10,redmeercat710,lesa.phillips@example.com,garage,2025-02-09 14:21:08
11,silversnake696,jared.silva@example.com,kurt,2025-02-09 14:21:08
12,orangedog560,astrid.janzen@example.com,hawaii,2025-02-09 14:21:08
13,greenbird466,javier.prescott@example.com,tigger2,2025-02-09 14:21:08
14,happyfish635,auguste.robert@example.com,papers,2025-02-09 14:21:08
15,happybird853,ugo.leclerc@example.com,catch22,2025-02-09 14:21:08
16,whitefish276,diego.serrano@example.com,mariner,2025-02-09 14:21:08
17,whitefrog131,dagobert.kohler@example.com,stocking,2025-02-09 14:21:08
18,redfrog403,hector.reyes@example.com,sunny,2025-02-09 14:21:08
19,goldenpeacock524,norman.fletcher@example.com,scxakv,2025-02-09 14:21:08
20,whitepanda589,gottlieb.winkel@example.com,infantry,2025-02-09 14:21:08
21,orangepanda483,amber.porter@example.com,corona,2025-02-09 14:21:08
22,redgorilla555,bogdan.brix@example.com,castor,2025-02-09 14:21:08
23,heavybear629,joan.castro@example.com,animals,2025-02-09 14:21:08
24,ticklishleopard212,andrea.jimenez@example.com,bulls,2025-02-09 14:21:08
25,tinygoose413,ramon.cortes@example.com,woods,2025-02-09 14:21:08
26,happybird190,belen.castro@example.com,julia,2025-02-09 14:21:08
27,purpleladybug176,lucile.duval@example.com,indian,2025-02-09 14:21:08
28,whitemouse369,amelie.robert@example.com,ursula,2025-02-09 14:21:08
29,angrymeercat508,kim.rodriguez@example.com,nights,2025-02-09 14:21:08
30,heavylion323,mael.guillot@example.com,thegame,2025-02-09 14:21:08
31,purplefish579,grete.lemke@example.com,lorenzo,2025-02-09 14:21:08
32,organicostrich750,jeanne.legall@example.com,chevy,2025-02-09 14:21:08
33,yellowsnake361,dawn.wade@example.com,010101,2025-02-09 14:21:08
34,bigbear835,gilbert.franklin@example.com,jumper,2025-02-09 14:21:08
35,yellowfrog143,chiara.richard@example.com,florida1,2025-02-09 14:21:08
36,crazyleopard857,vicki.mitchelle@example.com,eighteen,2025-02-09 14:21:08
37,bluepeacock877,rocio.moya@example.com,vides,2025-02-09 14:21:08
38,beautifulswan407,daisy.bowman@example.com,hillbill,2025-02-09 14:21:08
39,purpleladybug764,alberto.gallardo@example.com,monkey1,2025-02-09 14:21:08
40,silvermouse537,alfred.howard@example.com,hamburg,2025-02-09 14:21:08
41,angryostrich594,harold.gutierrez@example.com,pocket,2025-02-09 14:21:08
42,lazypanda226,cristobal.cortes@example.com,nnnnnn,2025-02-09 14:21:08
43,happyelephant441,ali.bergmann@example.com,creature,2025-02-09 14:21:08
44,silverbutterfly982,enzo.olivier@example.com,wives,2025-02-09 14:21:08
45,silvermeercat425,gerardo.sanz@example.com,flip,2025-02-09 14:21:08
46,tinyladybug672,lorenzo.santana@example.com,hopeful,2025-02-09 14:21:08
47,smallwolf290,nora.laurent@example.com,james,2025-02-09 14:21:08
48,organicmouse594,lina.andre@example.com,belinda,2025-02-09 14:21:08
49,heavypeacock405,gitta.joseph@example.com,radiohea,2025-02-09 14:21:08
50,brownsnake447,annelies.quast@example.com,smoke1,2025-02-09 14:21:08
51,whitegoose330,glen.peters@example.com,forest,2025-02-09 14:21:08
52,whitebutterfly793,louisa.charles@example.com,teens,2025-02-09 14:21:08
53,redfrog639,sonia.carrasco@example.com,bubbas,2025-02-09 14:21:08
54,heavygorilla567,irene.arias@example.com,video,2025-02-09 14:21:08
55,lazyzebra391,blanca.nunez@example.com,felix,2025-02-09 14:21:08
56,smallswan465,julius.mahler@example.com,ying,2025-02-09 14:21:08
57,smallduck217,brandon.andrews@example.com,forever,2025-02-09 14:21:08
58,tinydog862,ana.santiago@example.com,poopoo,2025-02-09 14:21:08
59,tinyzebra973,gertrude.little@example.com,smelly,2025-02-09 14:21:08
60,tinybutterfly884,pedro.fowler@example.com,tang,2025-02-09 14:21:08
61,greenmeercat743,milo.girard@example.com,1515,2025-02-09 14:21:08
62,goldenleopard737,victoria.pastor@example.com,vegas,2025-02-09 14:21:08
63,purpleladybug863,remi.martinez@example.com,uuuuuuuu,2025-02-09 14:21:08
64,crazyelephant665,daisy.rodriquez@example.com,rugby,2025-02-09 14:21:08
65,heavyelephant351,belen.santana@example.com,server,2025-02-09 14:21:08
66,heavyswan992,ilyes.gaillard@example.com,mona,2025-02-09 14:21:08
67,beautifulrabbit848,ritthy.graves@example.com,harlem,2025-02-09 14:21:08
68,whitezebra683,lillian.pena@example.com,bizzare,2025-02-09 14:21:08
69,blackbird821,helena.leroux@example.com,dreaming,2025-02-09 14:21:08
70,biggoose662,esther.moya@example.com,volume,2025-02-09 14:21:08
71,happylion191,chloe.webb@example.com,drpepper,2025-02-09 14:21:08
72,redwolf873,aldo.sperber@example.com,michaela,2025-02-09 14:21:08
73,organicgorilla237,marlene.irmer@example.com,jiang,2025-02-09 14:21:08
74,beautifulgorilla256,cassandra.picard@example.com,simpsons,2025-02-09 14:21:08
75,whitezebra988,rosmarie.volker@example.com,carman,2025-02-09 14:21:08
76,bluezebra175,juanita.rose@example.com,babylon5,2025-02-09 14:21:08
77,redkoala741,sahin.vaupel@example.com,cement,2025-02-09 14:21:08
78,brownbird259,nathanael.mathieu@example.com,hondas,2025-02-09 14:21:08
79,purplefish803,amparo.benitez@example.com,qwertz,2025-02-09 14:21:08
80,blueduck822,manuel.gil@example.com,marma,2025-02-09 14:21:08
81,beautifulgorilla819,fabio.blanchard@example.com,nnnnnnn,2025-02-09 14:21:08
82,greenkoala175,bastien.robert@example.com,hammer,2025-02-09 14:21:08
83,browngoose961,cameron.alvarez@example.com,hornet,2025-02-09 14:21:08
84,angrygorilla348,annette.stephens@example.com,llllllll,2025-02-09 14:21:08
85,brownfrog495,eleonore.bertrand@example.com,steeler,2025-02-09 14:21:08
86,heavyduck830,elmer.fletcher@example.com,erotic,2025-02-09 14:21:08
87,orangebird404,cristobal.ramos@example.com,total,2025-02-09 14:21:08
88,lazyfish717,jack.owens@example.com,bellaco,2025-02-09 14:21:08
89,organicsnake283,gesine.wagner@example.com,sultan,2025-02-09 14:21:08
90,crazypeacock548,paul.roussel@example.com,hawaiian,2025-02-09 14:21:08
91,brownpeacock957,annette.schonberger@example.com,3333333,2025-02-09 14:21:08
92,yellowduck833,frederik.gross@example.com,donner,2025-02-09 14:21:08
93,whitefish363,begona.romero@example.com,sesame,2025-02-09 14:21:08
94,bluegoose128,frithjof.schwenke@example.com,cowboys1,2025-02-09 14:21:08
95,whitefish824,silvio.anger@example.com,beth,2025-02-09 14:21:08
96,purpleleopard641,lorraine.olson@example.com,diva,2025-02-09 14:21:08
97,beautifulsnake457,ruben.rojas@example.com,buddy1,2025-02-09 14:21:08
98,brownbear917,evi.rettig@example.com,peyton,2025-02-09 14:21:08
99,happysnake670,abbas.brenner@example.com,fullback,2025-02-09 14:21:08
100,beautifulgoose426,consuelo.aguilar@example.com,davis,2025-02-09 14:21:08
101,heavypanda194,samuel.lopez@example.com,spidey,2025-02-09 14:21:08
102,whitegoose753,mathys.rodriguez@example.com,dannyboy,2025-02-09 14:21:08
103,greenwolf999,eleanor.caldwell@example.com,jedi,2025-02-09 14:21:08
104,yellowkoala277,hanae.marie@example.com,tribe,2025-02-09 14:21:08
105,heavyfish904,noah.falkenberg@example.com,tazman,2025-02-09 14:21:08
106,blacksnake675,teresa.ramirez@example.com,sales,2025-02-09 14:21:08
107,heavytiger887,axelle.arnaud@example.com,amelia,2025-02-09 14:21:08
108,crazyduck905,ruben.bertrand@example.com,coldplay,2025-02-09 14:21:08
109,angryfrog839,eleanor.andrews@example.com,blade,2025-02-09 14:21:08
110,crazyduck958,sara.arias@example.com,1515,2025-02-09 14:21:08
111,crazybutterfly829,patricia.pena@example.com,br549,2025-02-09 14:21:08
112,smallduck933,laura.vazquez@example.com,garcia,2025-02-09 14:21:08
113,angryfrog456,antonio.ruiz@example.com,madonna,2025-02-09 14:21:08
114,orangeduck537,martha.dixon@example.com,1234567890,2025-02-09 14:21:08
115,blackostrich769,nolhan.perrin@example.com,zxc123,2025-02-09 14:21:08
116,greenladybug411,damien.brunet@example.com,benton,2025-02-09 14:21:08
117,crazymouse859,vincent.castillo@example.com,bruiser,2025-02-09 14:21:08
118,lazypanda256,victoire.gaillard@example.com,cheyenne,2025-02-09 14:21:08
119,brownrabbit807,dave.lopez@example.com,alison,2025-02-09 14:21:08
120,orangeladybug415,josep.campos@example.com,bentley,2025-02-09 14:21:08
121,yellowbird826,alejandro.vicente@example.com,vernon,2025-02-09 14:21:08
122,blackkoala547,candice.davis@example.com,swingers,2025-02-09 14:21:08
123,crazybutterfly790,benjamin.liedtke@example.com,buffett,2025-02-09 14:21:08
124,yellowfrog420,paul.noel@example.com,windows1,2025-02-09 14:21:08
125,greentiger893,kenneth.lewis@example.com,cooper,2025-02-09 14:21:08
126,silverkoala436,peyton.lawson@example.com,caught,2025-02-09 14:21:08
127,bluepanda894,yanis.lopez@example.com,theman,2025-02-09 14:21:08
128,happymouse788,kim.morris@example.com,78945612,2025-02-09 14:21:08
129,happymeercat403,emily.cunningham@example.com,4567,2025-02-09 14:21:08
130,lazyostrich785,hans-dietrich.goldschmidt@example.com,colnago,2025-02-09 14:21:08
131,sadbird683,evan.david@example.com,retired,2025-02-09 14:21:08
132,heavyduck150,luis.gautier@example.com,freedom1,2025-02-09 14:21:08
133,redtiger398,walter.miller@example.com,pete,2025-02-09 14:21:08
134,beautifulpanda308,timothy.gardner@example.com,shiloh,2025-02-09 14:21:08
135,organiccat387,stella.blanchard@example.com,scoobydo,2025-02-09 14:21:08
136,blackswan387,nieves.vazquez@example.com,1001,2025-02-09 14:21:08
137,lazyfrog605,roberto.mendez@example.com,marie1,2025-02-09 14:21:08
138,heavylion237,claas.klasen@example.com,bunnies,2025-02-09 14:21:08
139,redsnake263,justine.leclercq@example.com,knock,2025-02-09 14:21:08
140,angrybird316,siegward.papke@example.com,coco,2025-02-09 14:21:08
141,smallbear920,ashley.austin@example.com,japan,2025-02-09 14:21:08
142,redpeacock135,mario.fernandez@example.com,asasas,2025-02-09 14:21:08
143,greencat526,domingo.dominguez@example.com,1004,2025-02-09 14:21:08
144,greendog917,gauthier.fleury@example.com,bigbob,2025-02-09 14:21:08
145,yellowleopard585,nina.gaillard@example.com,spider1,2025-02-09 14:21:08
146,crazyleopard156,lucia.marin@example.com,mystery,2025-02-09 14:21:08
147,bluepeacock127,penny.gutierrez@example.com,mememe,2025-02-09 14:21:08
148,ticklishgoose590,agustin.prieto@example.com,lulu,2025-02-09 14:21:08
149,heavyduck169,bill.harvey@example.com,albion,2025-02-09 14:21:08
150,bluewolf652,jean.giraud@example.com,pentium,2025-02-09 14:21:08
151,goldenleopard780,tadeusz.rohe@example.com,uuuuu,2025-02-09 14:21:08
152,sadgoose893,yolanda.long@example.com,parker,2025-02-09 14:21:08
153,smalllion289,nina.henry@example.com,challeng,2025-02-09 14:21:08
154,greenelephant845,stephanie.fox@example.com,robert1,2025-02-09 14:21:08
155,angrygorilla671,sofia.brown@example.com,javier,2025-02-09 14:21:08
156,silverbird112,xavier.moreno@example.com,cabernet,2025-02-09 14:21:08
157,angrymeercat951,maelia.leroux@example.com,golfer1,2025-02-09 14:21:08
158,bluemouse504,vicenta.crespo@example.com,harbor,2025-02-09 14:21:08
159,heavydog185,eleanor.morgan@example.com,bigones,2025-02-09 14:21:08
160,smallpanda989,julie.kelley@example.com,infiniti,2025-02-09 14:21:08
161,greenostrich482,oscar.duran@example.com,zeppelin,2025-02-09 14:21:08
162,bigmouse138,jorg.sachs@example.com,flicks,2025-02-09 14:21:08
163,goldenrabbit474,cassandra.shaw@example.com,scully,2025-02-09 14:21:08
164,whitegoose176,patrick.stanley@example.com,eskimo,2025-02-09 14:21:08
165,blueduck765,nolan.fields@example.com,kitty1,2025-02-09 14:21:08
166,beautifulleopard951,fernando.hirt@example.com,salvador,2025-02-09 14:21:08
167,orangesnake804,roy.naumann@example.com,japan,2025-02-09 14:21:08
168,purplegorilla235,kuno.kegel@example.com,142536,2025-02-09 14:21:08
169,heavyswan385,ashley.warren@example.com,asdf12,2025-02-09 14:21:08
170,bluerabbit644,jeremiah.cruz@example.com,medical,2025-02-09 14:21:08
171,crazyrabbit174,cristina.morales@example.com,bedford,2025-02-09 14:21:08
172,whitefish300,dustin.lawson@example.com,amadeus,2025-02-09 14:21:08
173,ticklishmeercat890,philipp.glaser@example.com,smackdow,2025-02-09 14:21:08
174,yellowbutterfly744,angel.mitchell@example.com,zzzzzz1,2025-02-09 14:21:08
175,silvergoose149,marvin.anderson@example.com,casey1,2025-02-09 14:21:08
176,organiclion735,niels.dunker@example.com,hott,2025-02-09 14:21:08
177,orangeostrich696,chloe.allen@example.com,surgery,2025-02-09 14:21:08
178,orangeelephant760,lola.legall@example.com,tardis,2025-02-09 14:21:08
179,brownduck740,eline.rolland@example.com,bulldogs,2025-02-09 14:21:08
180,smallbutterfly644,elizabeth.kim@example.com,brenda,2025-02-09 14:21:08
181,silvergoose227,leopoldine.wunderlich@example.com,port,2025-02-09 14:21:08
182,ticklishleopard381,ronnie.beck@example.com,sammy,2025-02-09 14:21:08
183,heavysnake984,isaac.pena@example.com,sheriff,2025-02-09 14:21:08
184,ticklishelephant942,anneli.krohn@example.com,floyd,2025-02-09 14:21:08
185,crazysnake879,suzanne.gilbert@example.com,albatros,2025-02-09 14:21:08
186,goldenlion233,brigitte.bonn@example.com,bollox,2025-02-09 14:21:08
187,heavyrabbit636,colleen.mitchelle@example.com,attila,2025-02-09 14:21:08
188,happyduck373,alexa.george@example.com,stefan,2025-02-09 14:21:08
189,crazyzebra288,justin.perez@example.com,zxcv,2025-02-09 14:21:08
190,orangetiger104,jaime.moreno@example.com,tobias,2025-02-09 14:21:08
191,bluemouse365,samantha.richardson@example.com,jessica1,2025-02-09 14:21:08
192,blueostrich116,patric.bach@example.com,america1,2025-02-09 14:21:08
193,yellowsnake433,margot.nguyen@example.com,alberta,2025-02-09 14:21:08
194,crazymouse238,kiara.lecomte@example.com,maggie1,2025-02-09 14:21:08
195,whitemouse336,kais.perez@example.com,ccccccc,2025-02-09 14:21:08
196,beautifulswan865,hector.arias@example.com,edison,2025-02-09 14:21:08
197,goldenelephant696,daniel.flores@example.com,postov1000,2025-02-09 14:21:08
198,yellowkoala817,hajo.bock@example.com,summers,2025-02-09 14:21:08
199,bigkoala757,luke.frazier@example.com,andres,2025-02-09 14:21:08
200,silverfrog678,william.giraud@example.com,alissa,2025-02-09 14:21:08
201,crazyelephant469,heinz-gunter.eckl@example.com,alejandr,2025-02-09 14:21:08
202,angrybear947,livia.roussel@example.com,dakota,2025-02-09 14:21:08
203,sadtiger346,cameron.neal@example.com,sonny,2025-02-09 14:21:08
204,orangebear240,brandon.bradley@example.com,124038,2025-02-09 14:21:08
205,tinyfish405,amber.peterson@example.com,wolfpack,2025-02-09 14:21:08
206,crazybird232,cesar.vargas@example.com,bird,2025-02-09 14:21:08
207,crazyswan325,eckart.krell@example.com,nico,2025-02-09 14:21:08
208,tinygorilla792,hugo.lacroix@example.com,stones,2025-02-09 14:21:08
209,bluezebra753,teresa.sanchez@example.com,pathfind,2025-02-09 14:21:08
210,greentiger631,bobby.ferguson@example.com,1013,2025-02-09 14:21:08
211,orangelion331,susie.beck@example.com,jeepster,2025-02-09 14:21:08
212,redzebra536,sophie.horton@example.com,having,2025-02-09 14:21:08
213,silverzebra729,debbie.holt@example.com,2580,2025-02-09 14:21:08
214,yellowgoose311,juan.ferrer@example.com,jughead,2025-02-09 14:21:08
215,goldenmeercat113,alex.moya@example.com,kuan,2025-02-09 14:21:08
216,yellowfrog539,fred.voss@example.com,morgan,2025-02-09 14:21:08
217,bluecat544,hunter.lee@example.com,1234567890,2025-02-09 14:21:08
218,yellowbird521,elmer.hudson@example.com,eileen,2025-02-09 14:21:08
219,bluetiger819,samir.altmann@example.com,apple1,2025-02-09 14:21:08
220,purplezebra783,diego.arias@example.com,tigers1,2025-02-09 14:21:08
221,sadladybug810,trudi.heidt@example.com,alpine,2025-02-09 14:21:08
222,crazykoala431,karl-georg.gruner@example.com,tank,2025-02-09 14:21:08
223,greenrabbit467,lidwina.sanger@example.com,espresso,2025-02-09 14:21:08
224,silverswan950,jose.vicente@example.com,rhythm,2025-02-09 14:21:08
225,orangesnake484,ninon.philippe@example.com,romance,2025-02-09 14:21:08
226,orangelion529,lucas.nguyen@example.com,cowboy,2025-02-09 14:21:08
227,silverbutterfly819,ellie.mitchelle@example.com,acid,2025-02-09 14:21:08
228,whiteelephant531,clara.garcia@example.com,515000,2025-02-09 14:21:08
229,ticklishrabbit841,mathias.wichert@example.com,vipers,2025-02-09 14:21:08
230,redsnake651,raymond.jenkins@example.com,prophet,2025-02-09 14:21:08
231,beautifulladybug644,natalie.adams@example.com,people,2025-02-09 14:21:08
232,blackmouse931,jimmie.caldwell@example.com,marian,2025-02-09 14:21:08
233,purplekoala770,gloria.campos@example.com,payton,2025-02-09 14:21:08
234,bluepanda218,lohan.dupont@example.com,racecar,2025-02-09 14:21:08
235,sadwolf206,judy.watson@example.com,pitchers,2025-02-09 14:21:08
236,purpleleopard969,abbie.nichols@example.com,briana,2025-02-09 14:21:08
237,happytiger640,cesar.santos@example.com,square,2025-02-09 14:21:08
238,silverleopard445,cecil.graves@example.com,donner,2025-02-09 14:21:08
239,bluefrog940,levi.cruz@example.com,three,2025-02-09 14:21:08
240,bluebear439,allie.allen@example.com,stoner,2025-02-09 14:21:08
241,purpleladybug908,hans-walter.stickel@example.com,trebor,2025-02-09 14:21:08
242,biggorilla558,ignacio.medina@example.com,charlotte,2025-02-09 14:21:08
243,yellowdog737,elea.picard@example.com,torres,2025-02-09 14:21:08
244,orangecat800,dick.jordan@example.com,moose1,2025-02-09 14:21:08
245,purplekoala116,jennifer.curtis@example.com,puck,2025-02-09 14:21:08
246,greenladybug521,cassandra.caron@example.com,hallie,2025-02-09 14:21:08
247,yellowwolf772,burkard.guttler@example.com,jeffrey,2025-02-09 14:21:08
248,yellowmouse415,olivia.pearson@example.com,vladimir,2025-02-09 14:21:08
249,lazycat564,linus.bohnke@example.com,ronald,2025-02-09 14:21:08
250,orangebird118,joscha.hackmann@example.com,kittens,2025-02-09 14:21:08
251,greenfish689,clayton.hayes@example.com,penelope,2025-02-09 14:21:08
252,smallleopard980,peyton.price@example.com,benito,2025-02-09 14:21:08
253,whitekoala409,marius.morin@example.com,yyyy,2025-02-09 14:21:08
254,heavymouse172,walli.wachter@example.com,arsenal1,2025-02-09 14:21:08
255,browndog881,elke.schreier@example.com,dragon,2025-02-09 14:21:08
256,lazyswan691,erin.carroll@example.com,tribble,2025-02-09 14:21:08
257,happybutterfly323,loris.noel@example.com,chopin,2025-02-09 14:21:08
258,beautifulkoala230,patsy.gonzalez@example.com,woods,2025-02-09 14:21:08
259,crazysnake579,isabel.aguilar@example.com,energy,2025-02-09 14:21:08
260,silverleopard737,fernando.ortiz@example.com,fffff,2025-02-09 14:21:08
261,angryladybug506,sandro.colin@example.com,cooler,2025-02-09 14:21:08
262,angrymouse371,craig.vasquez@example.com,australia,2025-02-09 14:21:08
263,blueelephant262,charlotte.pierce@example.com,women,2025-02-09 14:21:08
264,ticklishtiger275,gaspard.martin@example.com,power,2025-02-09 14:21:08
265,greenelephant279,byron.stewart@example.com,1234,2025-02-09 14:21:08
266,angryostrich308,faith.hill@example.com,enforcer,2025-02-09 14:21:08
267,yellowgoose334,kate.howell@example.com,puffer,2025-02-09 14:21:08
268,organicsnake379,soren.rohrs@example.com,bullfrog,2025-02-09 14:21:08
269,greenpanda901,gerfried.pusch@example.com,thelma,2025-02-09 14:21:08
270,smallpeacock901,ashley.marshall@example.com,intrepid,2025-02-09 14:21:08
271,greenostrich827,fernando.holscher@example.com,1101,2025-02-09 14:21:08
272,organickoala198,luz.moya@example.com,love1,2025-02-09 14:21:08
273,biggoose580,damaris.steinmetz@example.com,lips,2025-02-09 14:21:08
274,crazyrabbit958,clara.rey@example.com,benjamin,2025-02-09 14:21:08
275,purplegorilla979,valentine.martinez@example.com,robert1,2025-02-09 14:21:08
276,happycat171,lya.renaud@example.com,vampires,2025-02-09 14:21:08
277,happylion634,faith.james@example.com,abby,2025-02-09 14:21:08
278,goldenduck126,julia.deschamps@example.com,bulldog,2025-02-09 14:21:08
279,yellowpeacock764,joshua.bernard@example.com,maryland,2025-02-09 14:21:08
280,tinybear583,allison.lawrence@example.com,iverson,2025-02-09 14:21:08
281,redlion474,cecil.mason@example.com,lover1,2025-02-09 14:21:08
282,tinycat976,hans-michael.waldmann@example.com,blowfish,2025-02-09 14:21:08
283,purplemouse118,roxane.legall@example.com,granny,2025-02-09 14:21:08
284,angryfish932,ruth.fricke@example.com,chris,2025-02-09 14:21:08
285,greenkoala660,michelle.davidson@example.com,novell,2025-02-09 14:21:08
286,blackmouse398,brooklyn.king@example.com,pharao,2025-02-09 14:21:08
287,bluewolf171,beverley.martinez@example.com,ludwig,2025-02-09 14:21:08
288,happyleopard402,sandra.perez@example.com,zephyr,2025-02-09 14:21:08
289,bigfish685,gabor.lutz@example.com,holidays,2025-02-09 14:21:08
290,bigelephant137,leah.mckinney@example.com,piazza,2025-02-09 14:21:08
291,happycat648,eve.legall@example.com,chang,2025-02-09 14:21:08
292,redostrich497,donna.jones@example.com,verona,2025-02-09 14:21:08
293,crazybutterfly644,alicia.nicolas@example.com,doudou,2025-02-09 14:21:08
294,lazytiger585,julio.barnett@example.com,lespaul,2025-02-09 14:21:08
295,greenbear593,fabien.jean@example.com,fist,2025-02-09 14:21:08
296,blacktiger352,hector.menard@example.com,cyclone,2025-02-09 14:21:08
297,organicswan390,silvia.vega@example.com,titleist,2025-02-09 14:21:08
298,bigbird858,lana.legall@example.com,mullet,2025-02-09 14:21:08
299,purplepanda318,justin.vargas@example.com,pakistan,2025-02-09 14:21:08
300,smalltiger347,otto.romer@example.com,cornwall,2025-02-09 14:21:08
301,goldenmeercat159,laly.robert@example.com,priest,2025-02-09 14:21:08
302,blackmeercat449,coline.durand@example.com,confused,2025-02-09 14:21:08
303,beautifulladybug775,stephanie.stanley@example.com,lander,2025-02-09 14:21:08
304,organicfish176,veronica.carmona@example.com,wallace,2025-02-09 14:21:08
305,ticklishkoala433,renate.stark@example.com,monk,2025-02-09 14:21:08
306,bluezebra280,ismael.perez@example.com,jeff,2025-02-09 14:21:08
307,lazycat358,katie.soto@example.com,homerun,2025-02-09 14:21:08
308,heavyladybug609,damien.rey@example.com,goldstar,2025-02-09 14:21:08
309,lazycat985,noe.martinez@example.com,wilson,2025-02-09 14:21:08
310,sadswan726,carla.wiese@example.com,tanya,2025-02-09 14:21:08
311,redleopard679,cecil.pierce@example.com,drizzt,2025-02-09 14:21:08
312,ticklishcat268,theo.lucas@example.com,forrest,2025-02-09 14:21:08
313,bigrabbit447,marion.perez@example.com,campbell,2025-02-09 14:21:08
314,greenmouse579,mark.davidson@example.com,jimbob,2025-02-09 14:21:08
315,whitefish316,andrea.charles@example.com,woof,2025-02-09 14:21:08
316,brownbear124,francisco.lozano@example.com,fritz,2025-02-09 14:21:08
317,orangemouse363,chloe.gonzalez@example.com,emmitt,2025-02-09 14:21:08
318,beautifulleopard677,amandine.bourgeois@example.com,katana,2025-02-09 14:21:08
319,angrylion940,romane.gaillard@example.com,whiskey,2025-02-09 14:21:08
320,redduck111,marion.kennedy@example.com,tyler,2025-02-09 14:21:08
321,happyzebra426,marlene.hale@example.com,velvet,2025-02-09 14:21:08
322,tinypeacock619,riley.williams@example.com,zippo,2025-02-09 14:21:08
323,silvermouse729,debra.cunningham@example.com,dynamo,2025-02-09 14:21:08
324,beautifuldog766,lorena.hidalgo@example.com,gatorade,2025-02-09 14:21:08
325,orangepanda397,rocio.vidal@example.com,coolness,2025-02-09 14:21:08
326,redladybug815,vanessa.ward@example.com,gobears,2025-02-09 14:21:08
327,crazyswan630,debra.diaz@example.com,yahooo,2025-02-09 14:21:08
328,organicpanda729,jessie.montgomery@example.com,tong,2025-02-09 14:21:08
329,tinymouse494,seth.rose@example.com,nevets,2025-02-09 14:21:08
330,angrylion760,elisa.ibanez@example.com,hero,2025-02-09 14:21:08
331,happycat678,asuncion.rojas@example.com,ronnie,2025-02-09 14:21:08
332,bluefrog558,joan.hernandez@example.com,playa,2025-02-09 14:21:08
333,sadbird589,oceane.roger@example.com,pocket,2025-02-09 14:21:08
334,heavytiger604,chiara.rey@example.com,drum,2025-02-09 14:21:08
335,ticklishwolf552,melissa.peters@example.com,maggie,2025-02-09 14:21:08
336,silverbutterfly477,edit.tews@example.com,twist,2025-02-09 14:21:08
337,redgoose209,marcel.kamp@example.com,1027,2025-02-09 14:21:08
338,yellowfish252,ron.ruff@example.com,julien,2025-02-09 14:21:08
339,angrytiger226,antonie.dudek@example.com,killkill,2025-02-09 14:21:08
340,blackkoala516,cory.gilbert@example.com,whocares,2025-02-09 14:21:08
341,bigfish910,raymond.vasquez@example.com,zzzzzz1,2025-02-09 14:21:08
342,goldenfish148,vicente.jimenez@example.com,wildcard,2025-02-09 14:21:08
343,sadostrich103,pedro.thomas@example.com,zzzzzzz,2025-02-09 14:21:08
344,heavygorilla336,jackie.kuhn@example.com,bologna,2025-02-09 14:21:08
345,sadbutterfly717,hans-jorg.zobel@example.com,121212,2025-02-09 14:21:08
346,sadlion394,mae.olivier@example.com,archange,2025-02-09 14:21:08
347,organicbutterfly488,suzy.kuhn@example.com,shoes,2025-02-09 14:21:08
348,goldengoose712,helena.martin@example.com,redbull,2025-02-09 14:21:08
349,silvercat666,lino.henry@example.com,benny1,2025-02-09 14:21:08
350,organicfrog420,alicja.haring@example.com,yaya,2025-02-09 14:21:08
351,tinyduck743,harriet.kiefer@example.com,suan,2025-02-09 14:21:08
352,beautifulbird176,halil.kindermann@example.com,iiiiiii,2025-02-09 14:21:08
353,bluefrog674,louis.mills@example.com,yumyum,2025-02-09 14:21:08
354,blacksnake229,maria.ortiz@example.com,rollins,2025-02-09 14:21:08
355,blackpanda983,loic.leclercq@example.com,starbuck,2025-02-09 14:21:08
356,smallmouse555,karsten.nolte@example.com,volcom,2025-02-09 14:21:08
357,ticklishgorilla597,mya.guerin@example.com,magellan,2025-02-09 14:21:08
358,happybird408,victoria.castillo@example.com,tomato,2025-02-09 14:21:08
359,redfrog389,joshua.roche@example.com,illini,2025-02-09 14:21:08
360,blackcat735,katherine.thompson@example.com,theend,2025-02-09 14:21:08
361,crazyostrich587,yvonne.stanley@example.com,clean,2025-02-09 14:21:08
362,lazylion287,sofia.gallego@example.com,vantage,2025-02-09 14:21:08
363,beautifulfrog496,hauke.stange@example.com,samson,2025-02-09 14:21:08
364,brownleopard544,lukas.dufour@example.com,woohoo,2025-02-09 14:21:08
365,organicduck806,bessie.evans@example.com,think,2025-02-09 14:21:08
366,orangeswan778,danielle.hayes@example.com,124578,2025-02-09 14:21:08
367,crazyduck540,yvonne.mckinney@example.com,stubby,2025-02-09 14:21:08
368,whitebird852,mario.perez@example.com,barry,2025-02-09 14:21:08
369,happyelephant162,nathan.colin@example.com,paul,2025-02-09 14:21:08
370,bluemeercat529,matteo.sanchez@example.com,reng,2025-02-09 14:21:08
371,beautifulbutterfly564,francisca.moreno@example.com,dirty1,2025-02-09 14:21:08
372,goldenpanda781,janett.helmke@example.com,shirley,2025-02-09 14:21:08
373,bluegorilla877,marc.welch@example.com,clipper,2025-02-09 14:21:08
374,brownsnake368,stanislaw.kroger@example.com,chat,2025-02-09 14:21:08
375,yellowbear316,aubin.mathieu@example.com,tigger,2025-02-09 14:21:08
376,whitecat790,eva.parra@example.com,pictere,2025-02-09 14:21:08
377,bigbear354,ruthild.pries@example.com,enigma,2025-02-09 14:21:08
378,ticklishwolf109,mar.ortega@example.com,anthony,2025-02-09 14:21:08
379,bigbear249,estelle.dupuis@example.com,sailboat,2025-02-09 14:21:08
380,orangebutterfly331,alex.rodriguez@example.com,dynasty,2025-02-09 14:21:08
381,lazyzebra235,betti.fick@example.com,fishy,2025-02-09 14:21:08
382,whitekoala967,denise.anderson@example.com,200000,2025-02-09 14:21:08
383,tinymeercat265,catherine.ward@example.com,neon,2025-02-09 14:21:08
384,purplebird224,fernando.ortiz@example.com,dreaming,2025-02-09 14:21:08
385,happywolf347,borja.moya@example.com,alicia,2025-02-09 14:21:08
386,smallleopard856,arturo.benitez@example.com,redd,2025-02-09 14:21:08
387,silvergoose720,noemie.lefebvre@example.com,matt,2025-02-09 14:21:08
388,lazybutterfly741,marc.carrasco@example.com,columbia,2025-02-09 14:21:08
389,whiteostrich976,javier.carrasco@example.com,sports,2025-02-09 14:21:08
390,angryrabbit434,edwin.ritschel@example.com,sand,2025-02-09 14:21:08
391,angryostrich844,arne.jorg@example.com,bonehead,2025-02-09 14:21:08
392,brownfish812,belen.castro@example.com,tracer,2025-02-09 14:21:08
393,goldenkoala614,heike.volkel@example.com,munich,2025-02-09 14:21:08
394,tinybutterfly649,victoria.ward@example.com,elvis1,2025-02-09 14:21:08
395,yellowladybug890,wieland.ewert@example.com,fellow,2025-02-09 14:21:08
396,lazylion566,belen.esteban@example.com,poppy,2025-02-09 14:21:08
397,ticklishfrog336,hans-albert.pawlowski@example.com,cheese1,2025-02-09 14:21:08
398,redladybug419,jose.caballero@example.com,gidget,2025-02-09 14:21:08
399,heavyfish317,lorena.martinez@example.com,dank,2025-02-09 14:21:08
400,greenrabbit477,arnd.lau@example.com,radiohea,2025-02-09 14:21:08
401,purplefish113,rebecca.merk@example.com,hannah,2025-02-09 14:21:08
402,bluewolf570,hanae.lambert@example.com,sword,2025-02-09 14:21:08
403,angrymeercat571,samantha.carr@example.com,stolen,2025-02-09 14:21:08
404,bigbear280,tomas.vicente@example.com,gilbert,2025-02-09 14:21:08
405,happydog136,clarisse.marchand@example.com,celeste,2025-02-09 14:21:08
406,whiterabbit562,petar.beermann@example.com,saturday,2025-02-09 14:21:08
407,blueswan574,leandre.petit@example.com,newlife,2025-02-09 14:21:08
408,crazyduck155,sophia.hayes@example.com,came11,2025-02-09 14:21:08
409,silverbird619,joaquin.sanchez@example.com,olivia,2025-02-09 14:21:08
410,yellowdog553,daniela.gil@example.com,valkyrie,2025-02-09 14:21:08
411,blackostrich929,hansgeorg.schulke@example.com,bigblue,2025-02-09 14:21:08
412,goldengoose135,nadine.merk@example.com,sparrow,2025-02-09 14:21:08
413,organicelephant259,cecil.jenkins@example.com,bond,2025-02-09 14:21:08
414,goldenpanda512,mae.roberts@example.com,sahara,2025-02-09 14:21:08
415,lazyelephant639,sybilla.siemers@example.com,apple1,2025-02-09 14:21:08
416,brownbear666,annerose.schramm@example.com,phpbb,2025-02-09 14:21:08
417,angrytiger179,eloane.legrand@example.com,georgie,2025-02-09 14:21:08
418,ticklishmeercat764,loris.fournier@example.com,dupont,2025-02-09 14:21:08
419,bluefrog594,carl.clark@example.com,655321,2025-02-09 14:21:08
420,silverswan689,magda.schoning@example.com,fenris,2025-02-09 14:21:08
421,tinyostrich309,leonard.rodriguez@example.com,kurt,2025-02-09 14:21:08
422,ticklishmouse690,judy.weaver@example.com,chuck,2025-02-09 14:21:08
423,tinyzebra747,herlinde.schunemann@example.com,funstuff,2025-02-09 14:21:08
424,silverrabbit415,alexander.hall@example.com,qwertz,2025-02-09 14:21:08
425,ticklishpanda617,oceane.marchand@example.com,fandango,2025-02-09 14:21:08
426,silverelephant617,dorota.jurgens@example.com,lololo,2025-02-09 14:21:08
427,purpleladybug434,ruben.reyes@example.com,onlyme,2025-02-09 14:21:08
428,blackostrich635,juri.manz@example.com,berlin,2025-02-09 14:21:08
429,purplelion126,anita.wiegand@example.com,andy,2025-02-09 14:21:08
430,heavyleopard835,julio.simpson@example.com,bird,2025-02-09 14:21:08
431,purpleswan994,alexandra.lefebvre@example.com,oceans,2025-02-09 14:21:08
432,organicpeacock442,pablo.ramirez@example.com,tropical,2025-02-09 14:21:08
433,blackrabbit378,vanessa.davies@example.com,enterme,2025-02-09 14:21:08
434,angrydog138,pedro.jennings@example.com,noel,2025-02-09 14:21:08
435,beautifulsnake369,juan.jimenez@example.com,beetle,2025-02-09 14:21:08
436,brownrabbit975,hugh.cruz@example.com,rocker,2025-02-09 14:21:08
437,smallgorilla610,ivana.maurer@example.com,bobafett,2025-02-09 14:21:08
438,lazypanda713,concepcion.mora@example.com,elmo,2025-02-09 14:21:08
439,happypanda391,encarnacion.duran@example.com,pitchers,2025-02-09 14:21:08
440,sadkoala173,zdravko.enke@example.com,february,2025-02-09 14:21:08
441,sadbird848,adrian.hamilton@example.com,compton,2025-02-09 14:21:08
442,crazydog889,liesbeth.hintze@example.com,pool,2025-02-09 14:21:08
443,organicpeacock171,clinton.butler@example.com,hilary,2025-02-09 14:21:08
444,organicfish990,elena.gerard@example.com,404040,2025-02-09 14:21:08
445,heavyladybug507,aaron.torres@example.com,brent,2025-02-09 14:21:08
446,ticklishtiger331,iker.castillo@example.com,manila,2025-02-09 14:21:08
447,bluecat795,andree.vollmer@example.com,delaware,2025-02-09 14:21:08
448,smallmouse604,lilian.vincent@example.com,lazarus,2025-02-09 14:21:08
449,smallmeercat804,emilio.nunez@example.com,skater,2025-02-09 14:21:08
450,greencat115,christopher.kelley@example.com,tasha1,2025-02-09 14:21:08
451,crazyswan150,logan.bell@example.com,picks,2025-02-09 14:21:08
452,lazylion952,karlheinz.mang@example.com,darryl,2025-02-09 14:21:08
453,organiclion324,julian.arnold@example.com,qwert1,2025-02-09 14:21:08
454,lazygoose467,art.graves@example.com,joecool,2025-02-09 14:21:08
455,sadwolf537,michele.rice@example.com,muffin,2025-02-09 14:21:08
456,silvercat852,antoine.fontai@example.com,rayray,2025-02-09 14:21:08
457,sadkoala388,morris.reed@example.com,diamonds,2025-02-09 14:21:08
458,tinyelephant303,margrit.burger@example.com,secret1,2025-02-09 14:21:08
459,redfrog924,jake.nelson@example.com,1967,2025-02-09 14:21:08
460,whitegoose368,andrea.cruz@example.com,acid,2025-02-09 14:21:08
461,sadwolf280,danielle.edwards@example.com,mollydog,2025-02-09 14:21:08
462,smallostrich485,gaetan.lefevre@example.com,point,2025-02-09 14:21:08
463,bigfish189,marcella.gartner@example.com,joshua,2025-02-09 14:21:08
464,redmouse575,mary.holland@example.com,lollipop,2025-02-09 14:21:08
465,brownwolf700,nils.garnier@example.com,babe,2025-02-09 14:21:08
466,angryfrog523,victor.perez@example.com,budlight,2025-02-09 14:21:08
467,brownswan336,carola.hennings@example.com,casper,2025-02-09 14:21:08
468,whiteleopard350,nerea.rodriguez@example.com,bama,2025-02-09 14:21:08
469,orangeswan567,adelbert.kober@example.com,maxxxx,2025-02-09 14:21:08
470,greencat594,cesar.medina@example.com,solitude,2025-02-09 14:21:08
471,angrybear513,gabriel.alonso@example.com,sheila,2025-02-09 14:21:08
472,happyswan105,petar.knittel@example.com,theater,2025-02-09 14:21:08
473,goldenleopard220,kayla.alvarez@example.com,1115,2025-02-09 14:21:08
474,crazygorilla639,kenzo.sanchez@example.com,beaker,2025-02-09 14:21:08
475,sadcat326,deborah.gregory@example.com,292929,2025-02-09 14:21:08
476,orangeladybug701,thomas.mason@example.com,athens,2025-02-09 14:21:08
477,lazydog205,sylvana.behrends@example.com,doudou,2025-02-09 14:21:08
478,goldensnake661,andrew.horton@example.com,coconut,2025-02-09 14:21:08
479,yellowfrog674,earl.simpson@example.com,drowssap,2025-02-09 14:21:08
480,sadwolf663,hans-h..schnitzer@example.com,atlantis,2025-02-09 14:21:08
481,greentiger818,rocio.vargas@example.com,foobar,2025-02-09 14:21:08
482,whitegoose572,marina.kurth@example.com,spyder,2025-02-09 14:21:08
483,ticklishmouse142,max.meyer@example.com,sergio,2025-02-09 14:21:08
484,heavycat520,norman.thomas@example.com,zhang,2025-02-09 14:21:08
485,crazyfrog657,ricky.nelson@example.com,garage,2025-02-09 14:21:08
486,silverpanda536,charlotte.francois@example.com,gggggg,2025-02-09 14:21:08
487,redelephant823,clementine.philippe@example.com,phat,2025-02-09 14:21:08
488,greentiger437,lisette.zeiler@example.com,muffin1,2025-02-09 14:21:08
489,organicladybug946,carmen.vargas@example.com,vegitta,2025-02-09 14:21:08
490,brownwolf637,sophie.warren@example.com,puppies,2025-02-09 14:21:08
491,sadsnake409,mar.cortes@example.com,samantha,2025-02-09 14:21:08
492,brownlion475,alex.louis@example.com,block,2025-02-09 14:21:08
493,whiteladybug678,nicolas.muller@example.com,conan,2025-02-09 14:21:08
494,blackpeacock489,pauline.ahrens@example.com,gibson,2025-02-09 14:21:08
495,yellowswan538,carolina.kohn@example.com,colnago,2025-02-09 14:21:08
496,goldenkoala426,wallace.moreno@example.com,ninjas,2025-02-09 14:21:08
497,crazyleopard268,abbie.simmmons@example.com,cheese,2025-02-09 14:21:08
498,redzebra192,felicia.holt@example.com,007007,2025-02-09 14:21:08
499,crazybird512,leah.spencer@example.com,fishfish,2025-02-09 14:21:08
500,yellowfrog925,julio.gallego@example.com,adults,2025-02-09 14:21:08
501,smalllion298,knud.kohler@example.com,westside,2025-02-09 14:21:08
502,happyelephant542,mahe.mercier@example.com,spike,2025-02-09 14:21:08
503,crazygoose343,jennifer.hornung@example.com,donna1,2025-02-09 14:21:08
504,redladybug246,june.silva@example.com,bush,2025-02-09 14:21:08
505,heavydog291,eugenia.dominguez@example.com,eldorado,2025-02-09 14:21:08
506,whitetiger187,bill.woods@example.com,matt,2025-02-09 14:21:08
507,bluelion202,avery.cole@example.com,wutang,2025-02-09 14:21:08
508,smallladybug207,dylan.dumas@example.com,celtics,2025-02-09 14:21:08
509,sadelephant743,consuelo.mora@example.com,pretty,2025-02-09 14:21:08
510,browngoose904,abbie.cunningham@example.com,oldone,2025-02-09 14:21:08
511,angrybutterfly884,allie.flores@example.com,galore,2025-02-09 14:21:08
512,yellowdog992,nellie.reynolds@example.com,nnnnn,2025-02-09 14:21:08
513,yellowleopard208,claire.perez@example.com,infinity,2025-02-09 14:21:08
514,whitemeercat707,andrea.pierre@example.com,daniel1,2025-02-09 14:21:08
515,silverbear342,eduardo.sanchez@example.com,widget,2025-02-09 14:21:08
516,tinyzebra586,liana.leibold@example.com,jillian,2025-02-09 14:21:08
517,smallmouse299,jurgen.behringer@example.com,city,2025-02-09 14:21:08
518,tinypanda413,luke.ruiz@example.com,fender1,2025-02-09 14:21:08
519,beautifulzebra338,sophia.dasilva@example.com,keith,2025-02-09 14:21:08
520,goldenfish806,alex.brown@example.com,romance,2025-02-09 14:21:08
521,lazyladybug490,livio.renaud@example.com,ytrewq,2025-02-09 14:21:08
522,blackfrog171,jesus.romero@example.com,gggg,2025-02-09 14:21:08
523,ticklishtiger648,annie.king@example.com,africa,2025-02-09 14:21:08
524,crazydog935,irene.marin@example.com,western,2025-02-09 14:21:08
525,browndog314,timothee.mercier@example.com,peterpan,2025-02-09 14:21:08
526,yellowduck221,leah.mcdonalid@example.com,beavis,2025-02-09 14:21:08
527,orangemouse519,vanesa.gomez@example.com,clipper,2025-02-09 14:21:08
528,blueostrich970,ellen.armstrong@example.com,bigman,2025-02-09 14:21:08
529,orangemeercat736,lilija.metzler@example.com,kittie,2025-02-09 14:21:08
530,orangedog375,songul.lerch@example.com,online,2025-02-09 14:21:08
531,bluegoose636,phyllis.ward@example.com,badman,2025-02-09 14:21:08
532,ticklishbear531,christina.fletcher@example.com,apollo13,2025-02-09 14:21:08
533,goldenmeercat357,peyton.mitchell@example.com,qqqqqq,2025-02-09 14:21:08
534,organiclion334,sharon.silva@example.com,deputy,2025-02-09 14:21:08
535,brownpeacock320,jordan.jimenez@example.com,spencer,2025-02-09 14:21:08
536,beautifulbear990,adolfo.ramirez@example.com,brennan,2025-02-09 14:21:08
537,purplerabbit442,cleo.arnaud@example.com,luv2epus,2025-02-09 14:21:08
538,tinybutterfly772,nicolas.jean@example.com,dingdong,2025-02-09 14:21:08
539,brownelephant153,tony.peters@example.com,dodger,2025-02-09 14:21:08
540,orangemeercat742,martha.wallace@example.com,sixty,2025-02-09 14:21:08
541,heavyladybug808,elsa.leclercq@example.com,football1,2025-02-09 14:21:08
542,redbird875,daryl.evans@example.com,butkus,2025-02-09 14:21:08
543,beautifulmeercat899,julian.saez@example.com,girl,2025-02-09 14:21:08
544,organictiger468,andrea.martinez@example.com,lola,2025-02-09 14:21:08
545,tinyleopard873,shane.little@example.com,serpent,2025-02-09 14:21:08
546,yellowbear716,marcos.gonzalez@example.com,senior,2025-02-09 14:21:08
547,beautifuldog743,adam.dupuis@example.com,deeznutz,2025-02-09 14:21:08
548,sadrabbit315,duane.williams@example.com,holycow,2025-02-09 14:21:08
549,organicwolf636,darlene.stanley@example.com,michelle,2025-02-09 14:21:08
550,orangebird368,roland.may@example.com,paranoid,2025-02-09 14:21:08
551,bigfish423,isaac.lambert@example.com,meghan,2025-02-09 14:21:08
552,purpletiger249,laura.leon@example.com,robert1,2025-02-09 14:21:08
553,yellowdog569,tom.boyd@example.com,allen,2025-02-09 14:21:08
554,blackmeercat371,emily.may@example.com,madden,2025-02-09 14:21:08
555,whiteleopard408,morgane.masson@example.com,webmaste,2025-02-09 14:21:08
556,organicrabbit792,ethan.perez@example.com,route66,2025-02-09 14:21:08
557,beautifulrabbit145,hugo.sanchez@example.com,ihateyou,2025-02-09 14:21:08
558,angryleopard995,laly.muller@example.com,fireman,2025-02-09 14:21:08
559,orangegorilla291,francisco.larson@example.com,cardinal,2025-02-09 14:21:08
560,bigzebra368,gerardo.soler@example.com,mmmmmmmm,2025-02-09 14:21:08
561,happybutterfly472,simone.hagedorn@example.com,fossil,2025-02-09 14:21:08
562,silverfrog950,tonya.black@example.com,mygirl,2025-02-09 14:21:08
563,angrytiger140,russell.fuller@example.com,treble,2025-02-09 14:21:08
564,organicsnake709,beate.schubert@example.com,webmaster,2025-02-09 14:21:08
565,blacksnake605,noe.fernandez@example.com,treetop,2025-02-09 14:21:08
566,greenpanda111,tyrone.anderson@example.com,whiskers,2025-02-09 14:21:08
567,orangecat270,manuela.saez@example.com,ursula,2025-02-09 14:21:08
568,lazyfish184,melissa.lefevre@example.com,dominion,2025-02-09 14:21:08
569,purplekoala816,carmelo.nieto@example.com,country,2025-02-09 14:21:08
570,lazysnake683,barbara.hayes@example.com,hurrican,2025-02-09 14:21:08
571,smallkoala958,virgil.sanchez@example.com,hornets,2025-02-09 14:21:08
572,blackswan720,leo.riviere@example.com,sparta,2025-02-09 14:21:08
573,silverrabbit379,sylvia.mitchelle@example.com,wendy1,2025-02-09 14:21:08
574,silverzebra475,bernard.kennedy@example.com,giggles,2025-02-09 14:21:08
575,bluecat341,roberto.reichl@example.com,jimjim,2025-02-09 14:21:08
576,orangemeercat538,valerie.schmidt@example.com,hello1,2025-02-09 14:21:08
577,blackbutterfly133,alba.gomez@example.com,898989,2025-02-09 14:21:08
578,bluewolf431,austin.richards@example.com,johann,2025-02-09 14:21:08
579,bluerabbit471,angela.castillo@example.com,videoes,2025-02-09 14:21:08
580,organicwolf300,morgan.blanc@example.com,niao,2025-02-09 14:21:08
581,blackbutterfly780,salvador.silva@example.com,sheep,2025-02-09 14:21:08
582,happylion716,alicia.simon@example.com,blue1,2025-02-09 14:21:08
583,angrybird935,joanne.kelley@example.com,sixty,2025-02-09 14:21:08
584,tinykoala317,frank.klumpp@example.com,wild,2025-02-09 14:21:08
585,bigleopard212,lina.guillaume@example.com,edward,2025-02-09 14:21:08
586,beautifulelephant129,charlotte.reynolds@example.com,maximum,2025-02-09 14:21:08
587,bigladybug452,christian.roberts@example.com,speaker,2025-02-09 14:21:08
588,greenpeacock890,ljudmila.arlt@example.com,321654,2025-02-09 14:21:08
589,crazymouse928,andrey.thielemann@example.com,capricor,2025-02-09 14:21:08
590,greenduck586,delores.franklin@example.com,cleaner,2025-02-09 14:21:08
591,angrybear833,luna.robert@example.com,1024,2025-02-09 14:21:08
592,silverkoala896,silva.huther@example.com,poiuy,2025-02-09 14:21:08
593,whitepeacock847,tom.steward@example.com,moocow,2025-02-09 14:21:08
594,sadduck223,adelgunde.hollstein@example.com,marlboro,2025-02-09 14:21:08
595,greenlion760,meline.roy@example.com,voodoo,2025-02-09 14:21:08
596,happypanda410,marie.perez@example.com,pearl,2025-02-09 14:21:08
597,bigfrog164,ricarda.gehrig@example.com,waterloo,2025-02-09 14:21:08
598,redsnake703,andre.welch@example.com,qazwsx,2025-02-09 14:21:08
599,smallgoose833,silja.maul@example.com,bolitas,2025-02-09 14:21:08
600,redkoala276,jorge.benitez@example.com,kurt,2025-02-09 14:21:08
601,sadswan289,guillaume.hubert@example.com,profit,2025-02-09 14:21:08
602,ticklishbear866,valentin.calvo@example.com,blond,2025-02-09 14:21:08
603,silverduck661,laura.clement@example.com,tyson,2025-02-09 14:21:08
604,beautifulswan206,ralph.kogel@example.com,turnip,2025-02-09 14:21:08
605,crazygorilla559,eloise.leclerc@example.com,network,2025-02-09 14:21:08
606,goldenfrog292,nathan.carr@example.com,holes,2025-02-09 14:21:08
607,ticklishelephant457,ernesto.suarez@example.com,jamesbond,2025-02-09 14:21:08
608,yellowcat508,karin.lieder@example.com,hazard,2025-02-09 14:21:08
609,whitetiger190,troy.mitchelle@example.com,butts,2025-02-09 14:21:08
610,bluecat423,esperanza.ortiz@example.com,eraser,2025-02-09 14:21:08
611,whitemeercat806,patsy.cruz@example.com,lover,2025-02-09 14:21:08
612,greendog571,keith.henry@example.com,camera,2025-02-09 14:21:08
613,goldenmeercat913,hector.sanz@example.com,grils,2025-02-09 14:21:08
614,sadgorilla359,jennifer.ryan@example.com,twilight,2025-02-09 14:21:08
615,purplemeercat553,jill.gomez@example.com,yesyes,2025-02-09 14:21:08
616,brownbutterfly529,tracy.sims@example.com,ernest,2025-02-09 14:21:08
617,whitebird281,erol.volkl@example.com,1216,2025-02-09 14:21:08
618,organickoala732,julian.mora@example.com,81fukkc,2025-02-09 14:21:08
619,purplefrog666,eleanor.kennedy@example.com,monkey12,2025-02-09 14:21:08
620,sadmouse457,jade.blanc@example.com,bdsm,2025-02-09 14:21:08
621,bluefish709,romane.adam@example.com,ranch,2025-02-09 14:21:08
622,organicfish748,josep.montero@example.com,prayers,2025-02-09 14:21:08
623,purplezebra683,wolf-dietrich.markus@example.com,cabron,2025-02-09 14:21:08
624,organicduck421,dolores.jimenez@example.com,guang,2025-02-09 14:21:08
625,tinyswan719,joshua.lecomte@example.com,jacobs,2025-02-09 14:21:08
626,goldendog750,ethan.richard@example.com,grant,2025-02-09 14:21:08
627,orangecat483,sebastian.russell@example.com,chicago1,2025-02-09 14:21:08
628,sadgorilla159,andy.porter@example.com,maggie,2025-02-09 14:21:08
629,orangefrog234,eli.garrett@example.com,5555555,2025-02-09 14:21:08
630,lazyleopard147,eveline.gehlen@example.com,cyclone,2025-02-09 14:21:08
631,angrywolf310,norma.newman@example.com,1999,2025-02-09 14:21:08
632,greenbird385,marceau.riviere@example.com,iiiiii,2025-02-09 14:21:08
633,purpleduck655,isabel.aguilar@example.com,555555,2025-02-09 14:21:08
634,angrygorilla147,geraldine.bunge@example.com,real,2025-02-09 14:21:08
635,ticklishwolf422,leana.simon@example.com,stayout,2025-02-09 14:21:08
636,beautifulleopard222,duane.moore@example.com,logan,2025-02-09 14:21:08
637,redpanda605,leon.rice@example.com,jiang,2025-02-09 14:21:08
638,greendog990,brooke.jimenez@example.com,jackson5,2025-02-09 14:21:08
639,angrycat669,soan.denis@example.com,surf,2025-02-09 14:21:08
640,ticklishbear572,francisca.santana@example.com,5329,2025-02-09 14:21:08
641,tinyfrog133,warren.chavez@example.com,piggy,2025-02-09 14:21:08
642,crazymeercat783,esther.duran@example.com,major,2025-02-09 14:21:08
643,blackfrog367,shawn.weaver@example.com,hockey1,2025-02-09 14:21:08
644,tinyzebra613,alex.velasco@example.com,comment,2025-02-09 14:21:08
645,bigpeacock678,brittany.marshall@example.com,shark,2025-02-09 14:21:08
646,ticklishgorilla852,ines.castro@example.com,cohiba,2025-02-09 14:21:08
647,goldenfish523,rosalyn.edwards@example.com,buddyboy,2025-02-09 14:21:08
648,heavyswan971,izzie.mcdonalid@example.com,miriam,2025-02-09 14:21:08
649,sadlion163,daisy.fleming@example.com,redline,2025-02-09 14:21:08
650,beautifulswan390,liam.arnaud@example.com,chui,2025-02-09 14:21:08
651,organicmouse774,martha.lopez@example.com,seeker,2025-02-09 14:21:08
652,greenpeacock225,nathan.renaud@example.com,lalala,2025-02-09 14:21:08
653,organiclion560,catherine.perry@example.com,dietcoke,2025-02-09 14:21:08
654,organicelephant935,julia.garrido@example.com,account,2025-02-09 14:21:08
655,sadgoose452,christine.russell@example.com,1953,2025-02-09 14:21:08
656,smallfrog322,erik.brewer@example.com,jackson,2025-02-09 14:21:08
657,blueostrich825,nathan.boyd@example.com,julie1,2025-02-09 14:21:08
658,heavysnake691,hanna.jennings@example.com,beer,2025-02-09 14:21:08
659,happymeercat500,alberto.mckinney@example.com,zhou,2025-02-09 14:21:08
660,lazyzebra882,sebastian.ortiz@example.com,ceasar,2025-02-09 14:21:08
661,heavylion703,ralph.hildebrandt@example.com,sunlight,2025-02-09 14:21:08
662,silverbear442,janusz.matthiesen@example.com,paco,2025-02-09 14:21:08
663,goldenzebra185,gloria.scheel@example.com,heyhey,2025-02-09 14:21:08
664,silverpanda557,elisa.dumas@example.com,debra,2025-02-09 14:21:08
665,purplemouse842,kais.bourgeois@example.com,jessie,2025-02-09 14:21:08
666,crazydog676,julian.laurent@example.com,trigger,2025-02-09 14:21:08
667,silverswan831,kunigunde.conradi@example.com,hyperion,2025-02-09 14:21:08
668,greentiger366,gabrielle.dupont@example.com,blackbir,2025-02-09 14:21:08
669,redfrog321,tiago.roche@example.com,spongebo,2025-02-09 14:21:08
670,orangebird932,violetta.obermaier@example.com,hoffman,2025-02-09 14:21:08
671,sadleopard838,julien.barbier@example.com,202020,2025-02-09 14:21:08
672,orangeelephant221,consuelo.parra@example.com,storage,2025-02-09 14:21:08
673,bluefish766,anatole.clement@example.com,avalon,2025-02-09 14:21:08
674,blackpeacock641,juan.stewart@example.com,meister,2025-02-09 14:21:08
675,brownzebra291,cristobal.moya@example.com,pigpen,2025-02-09 14:21:08
676,brownzebra977,agustin.morales@example.com,lespaul,2025-02-09 14:21:08
677,bigtiger781,katie.vargas@example.com,131313,2025-02-09 14:21:08
678,heavybird882,jaime.cruz@example.com,rhubarb,2025-02-09 14:21:08
679,smalllion444,rodney.bailey@example.com,carmen,2025-02-09 14:21:08
680,greenpanda914,ester.heyne@example.com,jeremy1,2025-02-09 14:21:08
681,organicelephant541,aribert.renken@example.com,zxcvb,2025-02-09 14:21:08
682,blackcat472,laura.pena@example.com,434343,2025-02-09 14:21:08
683,orangeostrich845,benito.dominguez@example.com,369369,2025-02-09 14:21:08
684,angrytiger126,victor.moya@example.com,shun,2025-02-09 14:21:08
685,redbear213,gordon.fisher@example.com,madman,2025-02-09 14:21:08
686,heavywolf818,alberto.martinez@example.com,yousuck,2025-02-09 14:21:08
687,sadmouse925,luz.saez@example.com,plastics,2025-02-09 14:21:08
688,lazyleopard621,kate.garrett@example.com,hotmail,2025-02-09 14:21:08
689,silverbear183,marina.marin@example.com,dragons,2025-02-09 14:21:08
690,goldendog295,krin.steward@example.com,line,2025-02-09 14:21:08
691,biglion395,falk.koster@example.com,1953,2025-02-09 14:21:08
692,lazyrabbit435,sasha.bonnet@example.com,somerset,2025-02-09 14:21:08
693,beautifulduck684,loretta.parker@example.com,socks,2025-02-09 14:21:08
694,orangelion930,katharine.ernst@example.com,tommy1,2025-02-09 14:21:08
695,redladybug925,kaitlin.brewer@example.com,panther1,2025-02-09 14:21:08
696,whitebutterfly891,margarita.hernandez@example.com,freak,2025-02-09 14:21:08
697,redgorilla791,traudel.schuller@example.com,baritone,2025-02-09 14:21:08
698,crazyladybug658,lourdes.prieto@example.com,hollie,2025-02-09 14:21:08
699,bigbutterfly414,lenny.olivier@example.com,switch,2025-02-09 14:21:08
700,angrymouse701,raul.molina@example.com,sonic,2025-02-09 14:21:08
701,silverduck772,clayton.rivera@example.com,chavez,2025-02-09 14:21:08
702,whitetiger583,angel.castillo@example.com,flores,2025-02-09 14:21:08
703,greenleopard825,diego.legall@example.com,vanhalen,2025-02-09 14:21:08
704,heavyostrich302,lee.hunter@example.com,dawn,2025-02-09 14:21:08
705,happyrabbit125,wolf.kropp@example.com,hidden,2025-02-09 14:21:08
706,whitekoala180,axelle.dupont@example.com,biguns,2025-02-09 14:21:08
707,happyzebra589,maelyne.lambert@example.com,mikey1,2025-02-09 14:21:08
708,crazyelephant786,soledad.pascual@example.com,lander,2025-02-09 14:21:08
709,organictiger571,franklin.sanders@example.com,tuna,2025-02-09 14:21:08
710,crazybutterfly681,elouan.masson@example.com,invis,2025-02-09 14:21:08
711,lazybird731,marcia.butler@example.com,collin,2025-02-09 14:21:08
712,tinymouse377,hilda.enders@example.com,mulder,2025-02-09 14:21:08
713,lazypanda849,sara.jenkins@example.com,watson,2025-02-09 14:21:08
714,yellowlion669,jessie.curtis@example.com,puppy,2025-02-09 14:21:08
715,organicmouse375,karl.davidson@example.com,57chevy,2025-02-09 14:21:08
716,organicpeacock382,angela.gallardo@example.com,hawaiian,2025-02-09 14:21:08
717,bigmeercat436,rita.dean@example.com,burrito,2025-02-09 14:21:08
718,beautifultiger578,jo.franklin@example.com,love123,2025-02-09 14:21:08
719,purplepanda763,teresa.garrido@example.com,taichi,2025-02-09 14:21:08
720,beautifulpeacock506,june.jenkins@example.com,heather1,2025-02-09 14:21:08
721,redbear715,sara.castillo@example.com,duke,2025-02-09 14:21:08
722,bigdog704,mason.cunningham@example.com,gizmo1,2025-02-09 14:21:08
723,ticklishpeacock702,harold.peterson@example.com,lambert,2025-02-09 14:21:08
724,yellowostrich707,konstantin.birkholz@example.com,cooking,2025-02-09 14:21:08
725,happytiger558,jannis.reitz@example.com,200000,2025-02-09 14:21:08
726,happymeercat494,hugh.bennett@example.com,sandy1,2025-02-09 14:21:08
727,happytiger423,rafael.murray@example.com,ou8123,2025-02-09 14:21:08
728,beautifulleopard189,begona.jimenez@example.com,twilight,2025-02-09 14:21:08
729,organiccat942,terry.lane@example.com,kingdom,2025-02-09 14:21:08
730,bluegorilla128,isabell.stolte@example.com,lionel,2025-02-09 14:21:08
731,lazywolf184,alois.vincent@example.com,springs,2025-02-09 14:21:08
732,ticklishdog398,kylian.lecomte@example.com,mephisto,2025-02-09 14:21:08
733,smalllion347,veronica.vazquez@example.com,dusty,2025-02-09 14:21:08
734,angrybear189,gustav.kolbl@example.com,1112,2025-02-09 14:21:08
735,organictiger492,laura.diez@example.com,snow,2025-02-09 14:21:08
736,goldenelephant919,ricardo.vargas@example.com,land,2025-02-09 14:21:08
737,tinysnake316,kylian.jean@example.com,cliff,2025-02-09 14:21:08
738,yellowpanda249,dave.gilbert@example.com,shojou,2025-02-09 14:21:08
739,ticklishbear214,vanessa.fuller@example.com,qazwsx,2025-02-09 14:21:08
740,organictiger536,nicole.hunter@example.com,cheng,2025-02-09 14:21:08
741,angrygorilla460,daphne.riviere@example.com,celeron,2025-02-09 14:21:08
742,lazybear858,carolina.flores@example.com,slater,2025-02-09 14:21:08
743,blackwolf379,tony.bennett@example.com,tyler,2025-02-09 14:21:08
744,bigmouse494,wolfgang.stegemann@example.com,eighteen,2025-02-09 14:21:08
745,ticklishcat245,leah.snyder@example.com,modelsne,2025-02-09 14:21:08
746,beautifulbutterfly560,kais.mathieu@example.com,asia,2025-02-09 14:21:08
747,brownladybug992,sara.simon@example.com,maynard,2025-02-09 14:21:08
748,tinyostrich180,amy.thomas@example.com,omar,2025-02-09 14:21:08
749,redfish659,deborah.fleming@example.com,gordon24,2025-02-09 14:21:08
750,beautifulelephant412,ruben.ruiz@example.com,dave,2025-02-09 14:21:08
751,orangepanda362,alice.reid@example.com,pancho,2025-02-09 14:21:08
752,redgorilla914,arturo.navarro@example.com,pepsi1,2025-02-09 14:21:08
753,angrypeacock375,sonia.ramirez@example.com,kcj9wx5n,2025-02-09 14:21:08
754,goldencat199,remedios.lopez@example.com,titans,2025-02-09 14:21:08
755,yellowpanda945,cristian.lorenzo@example.com,darthvad,2025-02-09 14:21:08
756,greenlion901,armand.vincent@example.com,ripple,2025-02-09 14:21:08
757,browntiger126,brooke.castillo@example.com,merlot,2025-02-09 14:21:08
758,angrycat776,tommy.duncan@example.com,rose,2025-02-09 14:21:08
759,redduck400,carmelo.lozano@example.com,roxanne,2025-02-09 14:21:08
760,angryfrog971,julia.barrett@example.com,feet,2025-02-09 14:21:08
761,beautifulladybug917,matteo.perrin@example.com,sonny,2025-02-09 14:21:08
762,orangemouse147,clement.rousseau@example.com,151nxjmt,2025-02-09 14:21:08
763,silvergoose340,aurelien.dumont@example.com,basket,2025-02-09 14:21:08
764,browngorilla718,alan.armstrong@example.com,baldwin,2025-02-09 14:21:08
765,bigcat746,flavie.perez@example.com,komodo,2025-02-09 14:21:08
766,tinygorilla205,michael.dunn@example.com,owen,2025-02-09 14:21:08
767,greenmouse470,walter.harper@example.com,january,2025-02-09 14:21:08
768,bluegorilla504,olivia.crawford@example.com,420420,2025-02-09 14:21:08
769,smallbird113,lorena.diaz@example.com,pressure,2025-02-09 14:21:08
770,angryduck418,hans-eberhard.menz@example.com,vernon,2025-02-09 14:21:08
771,greenswan570,jan-peter.oberle@example.com,oakland,2025-02-09 14:21:08
772,tinybear806,johnni.jenkins@example.com,987987,2025-02-09 14:21:08
773,beautifulfish272,dora.simmmons@example.com,pooh,2025-02-09 14:21:08
774,goldenfish670,jayden.mendoza@example.com,bullfrog,2025-02-09 14:21:08
775,beautifulcat507,brooklyn.rodriguez@example.com,supra,2025-02-09 14:21:08
776,yellowrabbit815,giuseppe.jobst@example.com,gsxr750,2025-02-09 14:21:08
777,smallbutterfly856,enrique.vidal@example.com,daman,2025-02-09 14:21:08
778,beautifulwolf292,noemie.rey@example.com,bentley,2025-02-09 14:21:08
779,yellowladybug601,nicholas.castro@example.com,kirk,2025-02-09 14:21:08
780,orangekoala508,luke.sanders@example.com,camilla,2025-02-09 14:21:08
781,angrymeercat461,charlene.clark@example.com,preston,2025-02-09 14:21:08
782,yellowswan974,noah.obrien@example.com,asdf12,2025-02-09 14:21:08
783,goldenkoala318,janice.mendoza@example.com,hair,2025-02-09 14:21:08
784,bigbutterfly875,linda.gregory@example.com,yamaha,2025-02-09 14:21:08
785,bluedog705,alyssa.legrand@example.com,snickers,2025-02-09 14:21:08
786,silverwolf543,louison.bonnet@example.com,dolemite,2025-02-09 14:21:08
787,whitepanda566,julie.carter@example.com,wowwow,2025-02-09 14:21:08
788,brownbird118,muharrem.schaal@example.com,swordfish,2025-02-09 14:21:08
789,tinybear237,aymeric.gautier@example.com,1031,2025-02-09 14:21:08
790,sadwolf592,jesus.castro@example.com,fortress,2025-02-09 14:21:08
791,redfish364,kent.chambers@example.com,mitchell,2025-02-09 14:21:08
792,greenelephant865,elisa.louis@example.com,hans,2025-02-09 14:21:08
793,blackpanda682,eloise.mercier@example.com,racecar,2025-02-09 14:21:08
794,yellowlion286,leane.picard@example.com,1012,2025-02-09 14:21:08
795,goldengoose545,mathieu.caron@example.com,2727,2025-02-09 14:21:08
796,bluekoala931,leslie.obrien@example.com,smeghead,2025-02-09 14:21:08
797,tinyrabbit956,lilly.robin@example.com,tbone,2025-02-09 14:21:08
798,redmouse918,alizee.muller@example.com,marma,2025-02-09 14:21:08
799,silverlion950,dean.johnson@example.com,trapper,2025-02-09 14:21:08
800,smallfrog791,joshua.legall@example.com,techno,2025-02-09 14:21:08
801,tinygoose545,peter.oliver@example.com,annette,2025-02-09 14:21:08
802,yellowostrich283,blanca.mendez@example.com,blue11,2025-02-09 14:21:08
803,blackfish109,wieslaw.freier@example.com,stroker,2025-02-09 14:21:08
804,bigduck507,susana.jimenez@example.com,waterfal,2025-02-09 14:21:08
805,lazylion103,gabe.patterson@example.com,lorena,2025-02-09 14:21:08
806,sadmouse119,rita.young@example.com,daylight,2025-02-09 14:21:08
807,blackpeacock731,luz.herrera@example.com,thor,2025-02-09 14:21:08
808,bluebear786,molly.fox@example.com,richard1,2025-02-09 14:21:08
809,smallwolf285,fred.ruiz@example.com,marley,2025-02-09 14:21:08
810,angrygoose233,valerij.ernst@example.com,200000,2025-02-09 14:21:08
811,blackgorilla276,dale.george@example.com,lala,2025-02-09 14:21:08
812,greenostrich528,terrence.byrd@example.com,thunder1,2025-02-09 14:21:08
813,tinyswan928,chloe.martin@example.com,trombone,2025-02-09 14:21:08
814,crazypanda216,noelie.meunier@example.com,dinosaur,2025-02-09 14:21:08
815,heavykoala235,alexandre.riviere@example.com,onetwo,2025-02-09 14:21:08
816,heavypeacock734,carmelo.carrasco@example.com,climber,2025-02-09 14:21:08
817,smallcat720,dwayne.ruiz@example.com,vincent1,2025-02-09 14:21:08
818,silversnake544,cordula.lehnert@example.com,vikings1,2025-02-09 14:21:08
819,brownladybug181,dorte.schwinn@example.com,january,2025-02-09 14:21:08
820,redswan105,charlotte.dubois@example.com,namaste,2025-02-09 14:21:08
821,browngorilla507,melissa.charles@example.com,lucky1,2025-02-09 14:21:08
822,organicduck202,priscilla.andrews@example.com,meme,2025-02-09 14:21:08
823,purpledog639,sandra.nieto@example.com,baba,2025-02-09 14:21:08
824,redpeacock415,diego.guerrero@example.com,awnyce,2025-02-09 14:21:08
825,purpleduck938,sandra.pastor@example.com,achilles,2025-02-09 14:21:08
826,silvertiger767,caren.back@example.com,bank,2025-02-09 14:21:08
827,sadladybug747,frances.rogers@example.com,joseph,2025-02-09 14:21:08
828,purplefrog957,gotthard.steinle@example.com,recon,2025-02-09 14:21:08
829,blackbear763,maely.joly@example.com,caesar,2025-02-09 14:21:08
830,blackmouse634,leonore.dittmann@example.com,kashmir,2025-02-09 14:21:08
831,greensnake782,purificacion.rodriguez@example.com,nikki,2025-02-09 14:21:08
832,purplemouse662,carmelo.ortiz@example.com,callum,2025-02-09 14:21:08
833,crazykoala313,joey.diaz@example.com,carrot,2025-02-09 14:21:08
834,goldenfrog546,magdalena.gonzalez@example.com,aceace,2025-02-09 14:21:08
835,purpletiger742,katherine.carlson@example.com,bouncer,2025-02-09 14:21:08
836,orangeduck601,herbert.garrett@example.com,blessed,2025-02-09 14:21:08
837,bigbutterfly224,suleyman.roloff@example.com,shovel,2025-02-09 14:21:08
838,heavyrabbit932,aziz.acker@example.com,1984,2025-02-09 14:21:08
839,purpleleopard321,marcus.phillips@example.com,eternity,2025-02-09 14:21:08
840,silvermouse457,gabriel.ibanez@example.com,spread,2025-02-09 14:21:08
841,smallfrog782,beata.irrgang@example.com,faith1,2025-02-09 14:21:08
842,orangeladybug912,ian.mckinney@example.com,1948,2025-02-09 14:21:08
843,bluemeercat516,samantha.cunningham@example.com,germany,2025-02-09 14:21:08
844,greenostrich255,purificacion.cortes@example.com,real,2025-02-09 14:21:08
845,heavygorilla979,steve.mendoza@example.com,chuckie,2025-02-09 14:21:08
846,redpanda433,stephen.ramos@example.com,monster1,2025-02-09 14:21:08
847,brownrabbit299,vadim.luhrs@example.com,boiler,2025-02-09 14:21:08
848,blackgoose381,peter.gordon@example.com,zhuo,2025-02-09 14:21:08
849,tinyswan569,jose.mosch@example.com,line,2025-02-09 14:21:08
850,sadbutterfly841,nerea.morales@example.com,elaine,2025-02-09 14:21:08
851,greentiger283,paula.carmona@example.com,shiloh,2025-02-09 14:21:08
852,silvergorilla671,hugo.carpentier@example.com,thanks,2025-02-09 14:21:08
853,blueduck579,paul.andre@example.com,gilligan,2025-02-09 14:21:08
854,brownbutterfly385,melanie.becker@example.com,pool6123,2025-02-09 14:21:08
855,smallzebra767,norman.alexander@example.com,12345678,2025-02-09 14:21:08
856,goldenpanda606,lucy.reid@example.com,stallion,2025-02-09 14:21:08
857,blackwolf570,julia.bonnet@example.com,kiwi,2025-02-09 14:21:08
858,silverwolf446,gloria.martinez@example.com,maurice,2025-02-09 14:21:08
859,crazysnake896,mikhail.brink@example.com,2001,2025-02-09 14:21:08
860,bluewolf635,melinda.perry@example.com,oklahoma,2025-02-09 14:21:08
861,orangebear987,ricardo.jensen@example.com,obsidian,2025-02-09 14:21:08
862,silverpeacock707,nicky.morales@example.com,lloyd,2025-02-09 14:21:08
863,greengorilla939,laura.soto@example.com,account,2025-02-09 14:21:08
864,sadbear674,julie.louis@example.com,marc,2025-02-09 14:21:08
865,happyzebra320,arron.soto@example.com,hilton,2025-02-09 14:21:08
866,bigwolf526,patricia.lopez@example.com,lucas,2025-02-09 14:21:08
867,brownelephant178,elliot.vidal@example.com,cobalt,2025-02-09 14:21:08
868,whitezebra748,maxwell.ferguson@example.com,valhalla,2025-02-09 14:21:08
869,ticklishpanda835,tina.garcia@example.com,seminole,2025-02-09 14:21:08
870,greentiger569,noham.gauthier@example.com,toejam,2025-02-09 14:21:08
871,bigmeercat141,aurore.petit@example.com,skyhawk,2025-02-09 14:21:08
872,organicbird507,vanesa.lorenzo@example.com,babe,2025-02-09 14:21:08
873,yellowdog298,ben.volkl@example.com,655321,2025-02-09 14:21:08
874,brownsnake710,erwan.lemoine@example.com,reserve,2025-02-09 14:21:08
875,beautifulsnake510,cristian.morales@example.com,waldo,2025-02-09 14:21:08
876,bigfish376,francisca.alonso@example.com,forgot,2025-02-09 14:21:08
877,brownpanda990,christopher.luders@example.com,mohamed,2025-02-09 14:21:08
878,bluebutterfly940,henni.apel@example.com,monika,2025-02-09 14:21:08
879,beautifulpeacock910,purificacion.montero@example.com,darthvad,2025-02-09 14:21:08
880,smallmouse124,franklin.davies@example.com,doggy1,2025-02-09 14:21:08
881,crazysnake995,gabe.harrison@example.com,aside,2025-02-09 14:21:08
882,ticklishostrich180,domingo.ferrer@example.com,matthews,2025-02-09 14:21:08
883,crazysnake805,lou.vidal@example.com,misfit,2025-02-09 14:21:08
884,lazyelephant900,carlos.crespo@example.com,zaqwsx,2025-02-09 14:21:08
885,sadfrog546,gema.ramos@example.com,kristina,2025-02-09 14:21:08
886,smallbutterfly138,friedrich-karl.vaupel@example.com,sunny,2025-02-09 14:21:08
887,tinywolf234,emilia.cabrera@example.com,thx1138,2025-02-09 14:21:08
888,angryladybug849,ilhan.schimmel@example.com,times,2025-02-09 14:21:08
889,ticklishleopard346,martin.schmitt@example.com,bama,2025-02-09 14:21:08
890,whiterabbit705,mila.laurent@example.com,thunder1,2025-02-09 14:21:08
891,whitebear739,luz.esteban@example.com,redskin,2025-02-09 14:21:08
892,purplerabbit572,fatima.campos@example.com,treefrog,2025-02-09 14:21:08
893,purplekoala973,alessio.richard@example.com,neville,2025-02-09 14:21:08
894,beautifulpeacock705,isabel.montero@example.com,789789,2025-02-09 14:21:08
895,orangeleopard901,immo.bruch@example.com,giraffe,2025-02-09 14:21:08
896,whiteswan375,jesse.fuller@example.com,lkjhgf,2025-02-09 14:21:08
897,crazygorilla403,hans-martin.escher@example.com,sherlock,2025-02-09 14:21:08
898,yellowostrich804,becky.warren@example.com,inside,2025-02-09 14:21:08
899,silverelephant654,gail.bennett@example.com,sporty,2025-02-09 14:21:08
900,whitelion602,ezio.renaud@example.com,shopping,2025-02-09 14:21:08
901,ticklishgoose665,scott.thomas@example.com,morpheus,2025-02-09 14:21:08
902,blackswan700,raul.bravo@example.com,soft,2025-02-09 14:21:08
903,bigleopard900,meline.moreau@example.com,fernando,2025-02-09 14:21:08
904,sadcat613,jakob.richards@example.com,johngalt,2025-02-09 14:21:08
905,happyswan903,mohamed.castillo@example.com,usmarine,2025-02-09 14:21:08
906,bigpeacock323,abbie.arnold@example.com,carla,2025-02-09 14:21:08
907,silverfrog736,frederick.neal@example.com,russia,2025-02-09 14:21:08
908,blackleopard819,toni.ridder@example.com,bedford,2025-02-09 14:21:08
909,silverbutterfly214,sebastian.flores@example.com,geheim,2025-02-09 14:21:08
910,angryleopard303,carmen.gardner@example.com,sailor,2025-02-09 14:21:08
911,smalldog179,ruby.meyer@example.com,bigmac,2025-02-09 14:21:08
912,blackrabbit420,gustavo.marin@example.com,grandpa,2025-02-09 14:21:08
913,crazygoose342,anita.clark@example.com,111222,2025-02-09 14:21:08
914,beautifulbird819,dale.graham@example.com,vikings1,2025-02-09 14:21:08
915,angryrabbit132,gerardo.soler@example.com,daewoo,2025-02-09 14:21:08
916,purplebear874,elsbeth.henseler@example.com,treetop,2025-02-09 14:21:08
917,orangeladybug113,minnie.burke@example.com,ricky1,2025-02-09 14:21:08
918,crazytiger626,wade.jenkins@example.com,robins,2025-02-09 14:21:08
919,angryelephant533,ilan.simon@example.com,beretta,2025-02-09 14:21:08
920,sadostrich520,kais.meyer@example.com,sweetpea,2025-02-09 14:21:08
921,crazytiger944,rosl.fitz@example.com,tartar,2025-02-09 14:21:08
922,happyfrog662,sebastian.ortega@example.com,three,2025-02-09 14:21:08
923,bigostrich179,cleo.dubois@example.com,jeremy1,2025-02-09 14:21:08
924,bluelion901,sophia.shelton@example.com,alone,2025-02-09 14:21:08
925,crazybird791,flenn.ray@example.com,double,2025-02-09 14:21:08
926,whitepeacock921,carolina.vazquez@example.com,cabernet,2025-02-09 14:21:08
927,whitefrog232,nicolai.rogge@example.com,1992,2025-02-09 14:21:08
928,tinydog886,aaron.bonnet@example.com,squash,2025-02-09 14:21:08
929,lazyswan454,laura.holzwarth@example.com,pioneer,2025-02-09 14:21:08
930,happybird536,tessa.thomas@example.com,ranger1,2025-02-09 14:21:08
931,beautifulmouse129,matthieu.gaillard@example.com,sevens,2025-02-09 14:21:08
932,ticklishsnake384,angelo.martin@example.com,osiris,2025-02-09 14:21:08
933,ticklishostrich697,abraham.reh@example.com,phrases,2025-02-09 14:21:08
934,orangemeercat706,annemie.baumert@example.com,lancia,2025-02-09 14:21:08
935,sadladybug586,sergio.guerrero@example.com,doggy,2025-02-09 14:21:08
936,beautifulzebra803,sheryl.gibson@example.com,waters,2025-02-09 14:21:08
937,brownbear221,deborah.reynolds@example.com,lizard,2025-02-09 14:21:08
938,whitefrog165,salvador.sutton@example.com,poopoo,2025-02-09 14:21:08
939,reddog351,nuray.diederichs@example.com,123456,2025-02-09 14:21:08
940,yellowcat788,hilda.bier@example.com,major,2025-02-09 14:21:08
941,tinywolf272,rebekka.steinhauer@example.com,wildman,2025-02-09 14:21:08
942,beautifulbird595,dean.west@example.com,ellie,2025-02-09 14:21:08
943,purplegoose297,ivan.delgado@example.com,sunflowe,2025-02-09 14:21:08
944,sadelephant322,mya.dupont@example.com,andrew1,2025-02-09 14:21:08
945,beautifullion866,carmelo.navarro@example.com,puck,2025-02-09 14:21:08
946,tinywolf708,sean.reyes@example.com,sergio,2025-02-09 14:21:08
947,blueswan149,beatrix.thiem@example.com,genesis1,2025-02-09 14:21:08
948,lazyladybug908,colleen.castro@example.com,jomama,2025-02-09 14:21:08
949,ticklishbird614,irmela.baur@example.com,evil,2025-02-09 14:21:08
950,sadtiger839,lynn.rose@example.com,ladies,2025-02-09 14:21:08
951,orangekoala617,vicky.morgan@example.com,romano,2025-02-09 14:21:08
952,ticklishfish121,jeannine.wehner@example.com,smokey,2025-02-09 14:21:08
953,greenrabbit728,ruben.santana@example.com,dingle,2025-02-09 14:21:08
954,tinygorilla609,nellie.gordon@example.com,yousuck,2025-02-09 14:21:08
955,goldencat696,anna.fernandez@example.com,chilli,2025-02-09 14:21:08
956,organicgoose635,lee.rodriguez@example.com,piper,2025-02-09 14:21:08
957,heavybird822,george.taylor@example.com,muscle,2025-02-09 14:21:08
958,angryostrich321,diego.ramos@example.com,norton,2025-02-09 14:21:08
959,bigcat335,alfonso.santiago@example.com,renegade,2025-02-09 14:21:08
960,goldendog470,sebastian.lozano@example.com,carlton,2025-02-09 14:21:08
961,ticklishpeacock360,xavier.moya@example.com,romans,2025-02-09 14:21:08
962,whiteelephant892,scarlett.dean@example.com,again,2025-02-09 14:21:08
963,goldenkoala990,sabrina.tacke@example.com,right,2025-02-09 14:21:08
964,sadostrich104,vickie.kim@example.com,brandon,2025-02-09 14:21:08
965,yellowbird318,sara.hamilton@example.com,kokomo,2025-02-09 14:21:08
966,bigbear732,ljubica.hantke@example.com,special,2025-02-09 14:21:08
967,beautifulzebra391,armin.storch@example.com,jockey,2025-02-09 14:21:08
968,sadswan956,angel.hale@example.com,pride,2025-02-09 14:21:08
969,saddog555,gerhardt.glaser@example.com,jester,2025-02-09 14:21:08
970,smallkoala634,wally.gluck@example.com,gocubs,2025-02-09 14:21:08
971,yellowwolf648,nicolas.saez@example.com,xxxxx1,2025-02-09 14:21:08
972,orangetiger255,wayne.black@example.com,1001,2025-02-09 14:21:08
973,tinygorilla242,jesus.suarez@example.com,star,2025-02-09 14:21:08
974,sadtiger509,anastasia.schroth@example.com,wolf,2025-02-09 14:21:08
975,crazyfrog463,tiago.rolland@example.com,bigones,2025-02-09 14:21:08
976,brownfrog505,adam.lefebvre@example.com,homer1,2025-02-09 14:21:08
977,organicswan174,dorian.lopez@example.com,nick,2025-02-09 14:21:08
978,beautifultiger108,thibault.bertrand@example.com,speed,2025-02-09 14:21:08
979,smallleopard661,domingo.herrero@example.com,capital,2025-02-09 14:21:08
980,orangeleopard783,julie.richard@example.com,space,2025-02-09 14:21:08
981,bigladybug536,chris.kennedy@example.com,unique,2025-02-09 14:21:08
982,happyostrich688,alois.adam@example.com,bizkit,2025-02-09 14:21:08
983,organicbear343,landon.wilson@example.com,niceguy,2025-02-09 14:21:08
984,whitebear553,craig.mason@example.com,rangers,2025-02-09 14:21:08
985,brownpanda501,kyle.wilson@example.com,adams,2025-02-09 14:21:08
986,browntiger604,aaron.lemaire@example.com,usnavy,2025-02-09 14:21:08
987,organicladybug525,milo.petit@example.com,mizzou,2025-02-09 14:21:08
988,whitetiger842,allan.moreno@example.com,dima,2025-02-09 14:21:08
989,crazykoala735,kate.barnett@example.com,history,2025-02-09 14:21:08
990,whiteostrich888,chloe.horton@example.com,teng,2025-02-09 14:21:08
991,purplebird849,jeffery.anderson@example.com,banane,2025-02-09 14:21:08
992,bluemeercat970,benito.benitez@example.com,bootsy,2025-02-09 14:21:08
993,organicbird579,noelle.griffin@example.com,raptor,2025-02-09 14:21:08
994,ticklishtiger167,ron.wright@example.com,sooners,2025-02-09 14:21:08
995,bigpanda200,rafael.mills@example.com,gilbert,2025-02-09 14:21:08
996,orangeladybug638,kayla.mason@example.com,bobbie,2025-02-09 14:21:08
997,happytiger679,julian.bell@example.com,krusty,2025-02-09 14:21:08
998,happywolf271,elias.gerard@example.com,grizzly,2025-02-09 14:21:08
999,bluedog387,centa.wagner@example.com,twilight,2025-02-09 14:21:08
1000,bigwolf336,dorothee.hauser@example.com,shiner,2025-02-09 14:21:08
1001,,,,2025-02-09 14:21:08
